"Ticker","Nome","Negócios","Última (R$)","Variação"
"MGLU3","Magazine Luiza","104.966.200","1,36","-6,21%"
"B3SA3","B3","84.850.200","10,79","-3,14%"
"MULT3","Multiplan","69.483.300","22,89","-4,19%"
"BBDC4","Banco Bradesco","60.459.200","14,00","-0,43%"
"ITUB4","Itaú Unibanco","46.905.100","31,34","-1,88%"
"COGN3","Cogna","37.111.600","2,17","-3,56%"
"PETR4","Petrobras","36.635.400","42,02","-0,31%"
"OIBR3","Oi","31.783.600","0,73","+7,35%"
"HAPV3","Hapvida","30.470.100","3,69","-3,40%"
"ITSA4","Itaúsa","27.496.100","9,56","-1,04%"
"ABEV3","Ambev","25.146.600","12,15","+0,41%"
"PCAR3","Grupo Pão de Açúcar","21.092.500","2,93","-2,66%"
"SOMA3","Grupo Soma","19.741.800","6,07","-0,16%"
"BHIA3","Casas Bahia","19.507.200","6,85","-6,16%"
"CIEL3","Cielo","18.926.700","5,57","-0,36%"
"CMIG4","CEMIG","16.917.000","9,77","-21,53%"
"RAIL3","Rumo","16.254.700","20,16","-3,22%"
"AMER3","Americanas","15.965.000","0,56","+1,82%"
"CVCB3","CVC","15.642.400","2,01","-3,37%"
"VALE3","Vale","15.597.400","63,29","-0,95%"
"LREN3","Lojas Renner","14.859.500","15,33","-2,29%"
"CPLE6","Copel","14.514.300","9,09","-0,87%"
"USIM5","Usiminas","13.772.900","7,91","-3,65%"
"ASAI3","Assaí","13.748.300","13,12","-3,46%"
"AZUL4","Azul","12.679.600","9,75","-2,79%"
"PETR3","Petrobras","12.671.400","44,26","-0,63%"
"BBAS3","Banco do Brasil","12.200.200","27,42","-0,47%"
"ALOS3","ALOS3","12.147.400","20,88","-2,88%"
"PETZ3","Petz","12.032.900","4,71","-2,48%"
"HBSA3","Hidrovias do Brasil","11.467.500","4,39","+0,46%"
"PRIO3","PetroRio","10.770.900","48,00","-3,15%"
"MRVE3","MRV","9.881.300","6,70","-2,62%"
"POMO4","Marcopolo","9.539.200","6,59","-5,45%"
"CPLE3","Copel","9.505.700","8,20","-1,91%"
"LWSA3","Locaweb","9.486.900","4,60","-3,16%"
"ELET3","Eletrobras","9.286.500","37,86","+0,61%"
"CMIN3","CSN Mineração","9.080.500","4,94","-1,20%"
"CCRO3","Grupo CCR","8.407.700","12,33","-1,20%"
"VAMO3","Grupo Vamos","8.369.300","7,11","-4,56%"
"GGBR4","Gerdau","8.079.400","18,26","-1,83%"
"GOAU4","Metalúrgica Gerdau","8.005.500","10,58","-0,75%"
"RAPT4","Randon","7.755.400","10,69","-3,69%"
"GOLL4","GOL","7.585.100","1,32","+0,76%"
"RAIZ4","Raízen","7.484.800","3,06","-0,33%"
"SUZB3","Suzano","7.417.800","58,46","-0,75%"
"RENT3","Localiza","7.184.700","49,03","-3,01%"
"RPAD6","Alfa Holdings","7.101.300","9,56","+12,74%"
"WEGE3","WEG","6.934.600","39,55","+0,48%"
"CRFB3","Carrefour Brasil","6.831.300","11,17","-3,87%"
"ONCO3","Oncoclínicas","6.733.900","7,36","+0,00%"
"RRRP3","3R Petroleum","6.661.700","33,17","-3,83%"
"BRAP4","Bradespar","6.651.500","19,93","-7,13%"
"RADL3","RaiaDrogasil","6.632.100","25,58","-0,58%"
"BBDC3","Banco Bradesco","6.405.100","12,36","-0,24%"
"RDOR3","Rede D'Or","6.349.700","26,00","-1,74%"
"SIMH3","Simpar","6.277.200","5,78","-4,30%"
"BRFS3","BRF","6.205.800","16,88","-2,09%"
"VBBR3","Vibra Energia","6.127.200","23,46","-0,97%"
"ANIM3","Ânima Educação","6.031.300","3,38","-6,37%"
"LJQQ3","Lojas Quero-Quero","5.960.800","4,16","-4,81%"
"CSAN3","Cosan","5.943.400","14,50","-1,23%"
"INTB3","Intelbras","5.935.900","22,40","+16,79%"
"TIMS3","TIM","5.899.000","17,61","+0,06%"
"ECOR3","EcoRodovias","5.829.700","7,25","-3,46%"
"RPAD5","Alfa Holdings","5.800.800","9,03","+8,80%"
"ENEV3","Eneva","5.755.200","12,38","-1,90%"
"BRKM5","Braskem","5.729.900","21,28","-4,92%"
"SEQL3","Sequoia Logística","5.712.000","0,38","-5,00%"
"CXSE3","Caixa Seguridade","5.307.400","15,66","+0,13%"
"STBP3","Santos Brasil","5.104.300","13,58","-0,44%"
"IFCM3","Infracommerce","5.011.200","0,74","-2,63%"
"BEEF3","Minerva","4.983.400","6,12","-0,81%"
"MRFG3","Marfrig","4.928.200","9,45","-2,38%"
"EQTL3","Equatorial Energia","4.445.600","30,59","-1,32%"
"CSNA3","Siderúrgica Nacional","4.394.800","13,92","-2,04%"
"YDUQ3","YDUQS","4.301.000","14,59","-4,95%"
"QUAL3","Qualicorp","4.300.700","1,60","-5,33%"
"JBSS3","JBS","4.228.900","23,44","+0,17%"
"CSMG3","COPASA","4.200.600","19,58","-5,68%"
"HYPE3","Hypera","4.025.100","29,52","-1,86%"
"GMAT3","Grupo Mateus","3.995.400","7,42","-3,26%"
"AURE3","Auren Energia","3.885.700","11,59","-0,09%"
"CBAV3","CBA","3.848.900","5,17","+0,78%"
"DXCO3","Dexco","3.805.000","7,23","-1,63%"
"NTCO3","Natura","3.730.800","16,59","-1,72%"
"TRPL4","Transmissão Paulista","3.714.000","24,97","-1,23%"
"CEAB3","C&A","3.703.200","11,02","-7,47%"
"EMBR3","Embraer","3.508.600","33,35","+0,15%"
"VIVA3","Vivara","3.420.700","22,16","-3,57%"
"CYRE3","Cyrela","3.285.200","20,30","-3,65%"
"BBSE3","BB Seguridade","3.275.100","32,20","-0,28%"
"GUAR3","Guararapes","3.268.000","7,35","+1,24%"
"ARZZ3","Arezzo","3.195.300","51,92","+0,06%"
"TOTS3","Totvs","3.190.500","27,54","-1,47%"
"EGIE3","Engie","3.101.600","40,90","+0,57%"
"ALPA4","Alpargatas","2.986.300","9,46","-3,17%"
"TEND3","Construtora Tenda","2.915.200","12,34","-7,43%"
"UGPA3","Ultrapar","2.815.100","25,85","-2,23%"
"RECV3","PetroRecôncavo","2.815.000","21,79","-2,68%"
"CPFE3","CPFL Energia","2.775.200","31,90","-1,45%"
"SLCE3","SLC Agrícola","2.760.400","19,09","-0,52%"
"VIVT3","Vivo","2.756.700","47,34","-0,82%"
"FLRY3","Fleury","2.681.000","14,48","-0,96%"
"MOVI3","Movida","2.640.100","7,06","-3,55%"
"BRSR6","Banrisul","2.465.100","12,60","-0,55%"
"CURY3","Cury","2.460.300","19,60","-2,49%"
"ODPV3","Odontoprev","2.424.500","11,95","-0,08%"
"PDGR3","PDG Realty","2.420.400","0,21","-4,55%"
"NGRD3","Neogrid","2.353.800","1,03","+0,98%"
"AESB3","AES Brasil","2.251.400","9,47","-0,32%"
"SBSP3","Sabesp","2.175.500","80,82","-1,87%"
"EZTC3","EZTEC","2.156.300","13,77","-3,30%"
"JHSF3","JHSF","2.042.700","4,30","-2,27%"
"MLAS3","Multilaser","2.008.700","1,90","-4,04%"
"VVEO3","Viveo","1.996.500","5,04","-4,91%"
"AZEV4","Azevedo & Travassos","1.864.300","1,21","-4,72%"
"ENJU3","Enjoei","1.854.600","2,14","+0,47%"
"RPAD3","Alfa Holdings","1.818.600","9,56","+6,58%"
"CASH3","Méliuz","1.727.600","4,48","-1,32%"
"KLBN4","Klabin","1.679.500","4,16","-1,19%"
"DIRR3","Direcional","1.675.300","23,32","-3,52%"
"MYPK3","Iochpe-Maxion","1.618.500","12,30","-3,30%"
"FESA4","Ferbasa","1.615.000","7,95","-3,52%"
"SRNA3","SRNA3","1.584.200","8,22","-2,61%"
"GGPS3","GPS","1.577.800","18,75","-2,34%"
"ELET6","Eletrobras","1.560.600","41,56","+0,82%"
"BPAN4","Banco Pan","1.535.700","9,14","-0,22%"
"BLAU3","Blau Farmacêutica","1.518.000","10,07","-5,45%"
"IRBR3","IRB Brasil RE","1.515.500","42,48","-1,26%"
"ENAT3","Enauta","1.467.600","27,32","-3,15%"
"SMFT3","Smart Fit","1.443.400","24,19","-3,93%"
"PSSA3","Porto Seguro","1.417.700","29,96","-0,33%"
"AERI3","Aeris Energy","1.397.500","0,56","-1,75%"
"CLSA3","ClearSale","1.375.900","7,80","+0,00%"
"GFSA3","Gafisa","1.306.600","5,22","-4,40%"
"SBFG3","Grupo SBF","1.288.400","11,12","-4,71%"
"CMIG3","CEMIG","1.249.100","11,44","-20,99%"
"SMTO3","São Martinho","1.236.200","28,59","-0,90%"
"POSI3","Positivo","1.235.600","9,20","+0,77%"
"NEOE3","Neoenergia","1.188.500","19,18","-0,67%"
"KEPL3","Kepler Weber","1.168.600","9,71","-0,72%"
"RANI3","Irani","1.147.800","9,01","+0,56%"
"AMBP3","Ambipar","1.138.200","10,00","-3,75%"
"GRND3","Grendene","1.073.800","6,16","-1,44%"
"EVEN3","Even","1.071.500","7,10","-2,20%"
"SAPR4","Sanepar","1.040.200","5,15","-2,09%"
"MILS3","Mills","1.031.100","13,27","-1,34%"
"RCSL3","Recrusul","1.029.600","1,57","-3,09%"
"MTRE3","Mitre Realty","998.000","4,15","-4,60%"
"PLPL3","Plano&Plano","997.800","11,10","-7,35%"
"BMOB3","Bemobi","956.000","11,67","-2,10%"
"ARML3","Armac","937.100","10,45","-7,85%"
"LEVE3","Mahle Metal Leve","921.700","30,64","-7,88%"
"MDIA3","M. Dias Branco","901.600","33,94","-1,34%"
"PGMN3","Pague Menos","837.200","2,53","-4,53%"
"TTEN3","3tentos","824.900","10,12","-1,75%"
"LAVV3","Lavvi Incorporadora","803.800","8,71","-1,02%"
"TUPY3","Tupy","803.100","26,03","-1,33%"
"ITUB3","Itaú Unibanco","790.500","27,30","-1,73%"
"ZAMP3","Zamp","786.900","3,86","+1,05%"
"MDNE3","Moura Dubeux","729.700","11,59","-5,23%"
"DASA3","Dasa","705.800","4,70","-0,21%"
"VULC3","Vulcabras","679.800","15,83","-2,46%"
"TRIS3","Trisul","658.900","4,57","-2,35%"
"JSLG3","JSL","620.200","11,57","-5,93%"
"BIOM3","Biomm","617.400","20,19","+13,62%"
"MATD3","Mater Dei","606.700","5,68","-3,40%"
"CSED3","Cruzeiro do Sul Educacional","606.300","4,02","-4,51%"
"ABCB4","Banco ABC Brasil","605.100","23,15","+0,48%"
"PORT3","Wilson Sons","595.000","16,80","+0,00%"
"SHUL4","Schulz","576.400","6,16","-2,22%"
"USIM3","Usiminas","557.300","7,48","-2,22%"
"TRAD3","Traders Club","528.500","0,87","+2,35%"
"PTBL3","Portobello","527.400","5,92","+0,34%"
"TAEE4","Taesa","519.700","11,82","+0,25%"
"LUPA3","Lupatech","490.100","1,38","-6,12%"
"WIZC3","Wiz Soluções","481.400","6,94","-4,28%"
"SYNE3","SYN","458.100","8,81","-1,67%"
"OPCT3","OceanPact","455.900","6,28","-1,72%"
"POMO3","Marcopolo","453.600","5,31","-1,48%"
"SOJA3","Boa Safra Sementes","448.400","18,19","-1,25%"
"MBLY3","Mobly","433.800","2,29","-3,78%"
"VLID3","Valid","424.900","17,65","-3,23%"
"PINE4","PINE","405.100","4,32","-2,48%"
"LIGT3","Light","403.300","4,97","-1,58%"
"HBRE3","HBR Realty","397.300","5,14","-4,28%"
"SEER3","Ser Educacional","391.100","5,52","-4,17%"
"ESPA3","Espaçolaser","390.900","0,93","-3,12%"
"BRIT3","Brisanet","382.900","4,10","+2,76%"
"ROMI3","Indústrias ROMI","366.700","10,15","-2,40%"
"KRSA3","Kora Saúde","356.200","0,84","-3,45%"
"MEAL3","IMC Alimentação","352.600","1,59","-2,45%"
"SANB3","Banco Santander","350.500","13,53","+2,89%"
"KLBN3","Klabin","347.300","4,19","+0,00%"
"HBOR3","Helbor","345.900","2,74","-3,86%"
"JALL3","Jalles Machado","342.900","7,06","-2,35%"
"OIBR4","Oi","337.900","1,91","+3,24%"
"ORVR3","Orizon","336.900","38,65","-0,13%"
"UNIP6","Unipar","316.000","52,79","-1,47%"
"TECN3","Technos","304.700","4,45","-6,51%"
"RSID3","Rossi Residencial","299.500","5,33","+2,11%"
"AGRO3","BrasilAgro","299.100","25,66","-1,35%"
"TGMA3","Tegma","292.900","24,22","-0,21%"
"TASA4","Taurus","292.300","12,26","-0,57%"
"AZEV3","Azevedo & Travassos","279.500","1,32","-3,65%"
"SHOW3","Time For Fun","276.900","2,53","-0,39%"
"PNVL3","Dimed","274.800","11,23","-0,62%"
"AMAR3","Lojas Marisa","268.200","1,54","-0,65%"
"TAEE3","Taesa","267.600","11,71","+0,43%"
"CAML3","Camil Alimentos","259.400","8,39","-2,89%"
"FRAS3","Fras-le","258.700","18,03","+0,00%"
"VITT3","Vittia","251.700","5,61","-4,43%"
"SANB4","Banco Santander","246.600","15,35","+2,95%"
"BMGB4","Banco BMG","243.300","3,27","-0,30%"
"AGXY3","AgroGalaxy","213.900","1,70","-1,73%"
"PRNR3","Priner","210.500","12,90","-0,85%"
"LOGG3","LOG CP","202.100","21,73","-2,12%"
"BRAP3","Bradespar","198.800","19,22","-3,08%"
"MELK3","Melnick","191.100","4,30","-4,66%"
"FIQE3","Unifique","186.000","3,82","+0,00%"
"DMVF3","D1000 Varejo Farma","180.000","7,12","-3,52%"
"SAPR3","Sanepar","171.600","4,95","-0,40%"
"TFCO4","Track & Field","159.900","11,25","+0,90%"
"PFRM3","Profarma","137.600","5,76","-3,84%"
"SGPS3","Springs","125.100","0,78","-2,50%"
"ETER3","Eternit","113.500","7,06","-1,40%"
"RCSL4","Recrusul","105.300","0,50","+0,00%"
"ITSA3","Itaúsa","102.300","9,60","-0,83%"
"CTSA4","Santanense","95.700","1,54","+12,41%"
"ALLD3","Allied","94.500","7,50","+0,94%"
"CSUD3","CSU Cardsystem","92.300","17,83","-2,25%"
"DESK3","Desktop","91.000","13,00","+0,31%"
"LPSB3","Lopes","90.800","2,25","-0,44%"
"CAMB3","Cambuci","90.000","9,88","-1,69%"
"ALPK3","Estapar","87.600","3,87","-2,52%"
"RNEW4","Renova Energia","86.300","1,09","+2,83%"
"INEP3","Inepar","79.900","3,26","-0,61%"
"VIVR3","Viver","73.800","2,97","-2,30%"
"INEP4","Inepar","69.100","2,98","-2,30%"
"TCSA3","Tecnisa","65.300","2,38","-1,65%"
"LAND3","Terra Santa","62.000","15,36","+7,41%"
"RNEW3","Renova Energia","56.800","1,07","+0,94%"
"CTNM4","Coteminas","54.600","1,03","-0,96%"
"EUCA4","Eucatex","54.100","15,24","-5,16%"
"DEXP3","Dexxos","54.000","10,69","-3,52%"
"GOAU3","Metalúrgica Gerdau","51.300","10,69","+0,28%"
"SCAR3","São Carlos","45.500","27,74","+5,16%"
"PMAM3","Paranapanema","45.100","2,83","+8,43%"
"BEES3","Banestes","44.300","9,29","+1,64%"
"GGBR3","Gerdau","42.200","16,22","-1,28%"
"DOTZ3","Dotz","37.700","7,51","-1,18%"
"PDTC3","Padtec","36.000","2,26","-1,74%"
"AALR3","Alliança","34.400","10,20","-0,58%"
"ELMD3","Eletromidia","32.500","17,40","-0,74%"
"HAGA4","Haga","27.500","1,22","+6,09%"
"LVTC3","WDC Networks","27.100","3,88","+2,92%"
"BMEB4","Banco Mercantil do Brasil","26.100","22,95","+4,41%"
"RAPT3","Randon","24.300","9,13","-2,87%"
"EQPA3","Equatorial Energia Pará","24.200","8,23","+0,73%"
"IGTI3","Jereissati Participações","22.300","2,85","-2,40%"
"IGTI3","Iguatemi","22.300","2,85","-2,40%"
"CTSA3","Santanense","21.200","2,94","+8,09%"
"UCAS3","Unicasa","19.100","2,47","+1,23%"
"TPIS3","Triunfo","18.700","3,86","+1,05%"
"JFEN3","João Fortes","15.700","1,51","+0,00%"
"WEST3","Westwing","14.600","1,17","-0,85%"
"BRKM3","Braskem","13.600","20,99","-3,27%"
"CEBR6","CEB","12.900","24,00","+0,21%"
"CEBR3","CEB","12.200","27,70","+0,91%"
"ENGI4","Energisa","11.900","7,62","-1,42%"
"ATOM3","ATOM","11.900","2,26","+0,44%"
"NUTR3","Nutriplant","11.200","5,04","+1,20%"
"UNIP3","Unipar","11.000","52,50","-0,68%"
"VSTE3","LE LIS BLANC","10.900","14,45","-1,77%"
"NINJ3","GetNinjas","10.800","4,84","+0,62%"
"ALUP3","Alupar","10.700","9,34","+0,21%"
"SNSY5","Sansuy","10.700","6,28","+0,48%"
"LOGN3","Log-In","9.200","38,70","-1,40%"
"GEPA4","Rio Paranapanema Energia","9.100","27,57","-1,54%"
"ALUP4","Alupar","9.000","9,22","-0,97%"
"BRSR3","Banrisul","8.200","12,79","+1,51%"
"CEBR5","CEB","6.900","23,08","+0,70%"
"BPAC5","Banco BTG Pactual","6.700","8,39","-3,01%"
"COCE5","Coelce","6.500","34,53","-0,35%"
"WHRL4","Whirlpool","6.400","4,65","-0,21%"
"OSXB3","OSX Brasil","6.300","3,99","+0,25%"
"PTNT4","Pettenati","5.600","7,69","+2,67%"
"ENGI3","Energisa","4.900","14,40","-3,23%"
"EPAR3","Embpar Participações","4.600","7,60","+0,00%"
"FHER3","Fertilizantes Heringer","4.400","4,95","-0,40%"
"BOBR4","Bombril","4.300","2,26","+0,89%"
"BPAC3","Banco BTG Pactual","4.100","16,79","+1,21%"
"CRPG5","Tronox Pigmentos","3.800","29,20","-1,38%"
"BEES4","Banestes","3.800","9,84","+1,03%"
"BAHI3","Bahema","3.400","8,40","+1,94%"
"NEXP3","Brasil Brokers","3.400","4,21","-0,24%"
"MAPT4","Cemepe","3.300","8,00","-4,53%"
"EMAE4","EMAE","3.100","57,70","-0,94%"
"MTSA4","METISA","3.100","48,33","+0,00%"
"TASA3","Taurus","3.100","12,90","+0,70%"
"HOOT4","Hotéis Othon","3.100","2,79","-2,11%"
"RDNI3","RNI","3.000","3,55","-1,93%"
"BAZA3","Banco da Amazônia","2.900","101,99","-0,83%"
"ATMP3","Atma","2.500","1,96","-3,45%"
"CLSC4","Celesc","2.400","69,68","+1,95%"
"HAGA3","Haga","2.400","2,52","-0,40%"
"OFSA3","Ourofino Saúde Animal","2.200","21,30","-0,93%"
"RPMG3","Refinaria de Manguinhos","2.100","2,06","+3,00%"
"CGRA3","Grazziotin","1.800","26,40","+0,00%"
"TRPL3","Transmissão Paulista","1.700","32,75","-1,15%"
"MGEL4","Mangels","1.700","18,00","-1,37%"
"DOHL4","Döhler","1.600","4,58","+0,88%"
"BSLI4","Banco de Brasília","1.500","9,73","-2,31%"
"WLMM4","WLM","1.400","33,60","-0,30%"
"EALT4","Electro Aço Altona","1.400","9,99","-2,35%"
"RSUL4","Metalúrgica Riosulense","1.300","78,09","-1,39%"
"MAPT3","Cemepe","1.200","6,55","-5,07%"
"CGRA4","Grazziotin","1.100","26,36","-0,34%"
"TELB3","Telebras","1.100","14,44","+5,71%"
"EQPA7","Equatorial Energia Pará","1.000","9,00","+19,84%"
"WHRL3","Whirlpool","1.000","4,55","-4,41%"
"BMIN4","Banco Mercantil de Investimentos","900","15,20","+0,00%"
"CEDO4","Cedro Têxtil","800","27,48","-0,04%"
"CEEB3","COELBA","700","39,67","+1,98%"
"ALPA3","Alpargatas","700","9,63","-2,73%"
"CGAS5","Comgás","600","113,00","+0,28%"
"GEPA3","Rio Paranapanema Energia","600","27,98","-0,07%"
"DEXP4","Dexxos","600","10,55","-4,78%"
"REDE3","Rede Energia","600","6,88","+0,15%"
"CTKA4","Karsten","500","19,45","+0,78%"
"PEAB4","Participações Aliança da Bahia","400","52,92","+9,66%"
"EKTR4","Elektro","400","37,64","-5,43%"
"HETA4","Hercules","400","5,79","+4,89%"
"MWET4","Wetzel","400","5,27","+0,96%"
"TKNO4","Tekno","300","60,05","+0,00%"
"MNDL3","Mundial","300","45,55","-5,10%"
"CSRN3","COSERN","300","24,52","+4,30%"
"EUCA3","Eucatex","300","15,62","-0,26%"
"CRPG6","Tronox Pigmentos","200","29,05","-2,32%"
"BRSR5","Banrisul","200","15,00","+0,00%"
"NORD3","Nordon","200","10,32","+1,18%"
"BSLI3","Banco de Brasília","200","9,90","+1,33%"
"EQPA5","Equatorial Energia Pará","200","9,00","+20,00%"
"AFLT3","Afluente T","200","7,55","+0,80%"
"BMKS3","Monark","159","428,50","+0,11%"
"CGAS3","Comgás","100","106,00","+0,00%"
"ENMT3","Energisa MT","100","81,90","+0,00%"
"SOND5","Sondotécnica","100","60,00","+8,48%"
"APER3","Alper","100","44,30","+0,45%"
"HBTS5","Habitasul","100","42,85","-6,62%"
"CEDO3","Cedro Têxtil","100","30,00","-6,25%"
"CPLE5","Copel","100","20,99","+0,05%"
"CBEE3","Ampla Energia","100","11,00","-6,78%"
"IGTI4","Jereissati Participações","100","8,95","-0,56%"
"IGTI4","Iguatemi","100","8,95","-0,56%"
"SNSY3","Sansuy","3.200","11,80","+1,81%"
"TELB4","Telebras","2.100","9,90","+0,71%"
"BAUH4","Excelsior","900","79,90","+1,42%"
"PINE3","PINE","600","5,86","-3,46%"
"BGIP3","Banese","400","24,20","-0,58%"
"CEED3","CEEE D","400","19,01","-5,00%"
"CLSC3","Celesc","300","67,30","+0,15%"
"BGIP4","Banese","300","22,91","+1,37%"
"FESA3","Ferbasa","300","14,87","+0,81%"
"MRSA6B","MRS Logística","200","25,50","-5,76%"
"AHEB3","São Paulo Turismo","200","22,22","+16,95%"
"DTCY3","Dtcom","200","5,20","+10,64%"
"EMAE3","EMAE","100","69,28","-1,03%"
"UNIP5","Unipar","100","57,24","-2,98%"
"LIPR3","Eletropar","100","49,31","+0,00%"
"PEAB3","Participações Aliança da Bahia","100","45,51","+1,13%"
"GSHP3","General Shopping & Outlets","100","10,80","+0,00%"
"EALT3","Electro Aço Altona","100","9,87","-0,10%"
"DOHL3","Döhler","100","6,35","-0,94%"
"AVLL3","Alphaville","100","3,68","+1,94%"
"PTNT3","Pettenati","1.000","10,39","+5,06%"
"BDLL4","Bardella","800","10,51","+0,00%"
"MRSA3B","MRS Logística","700","26,90","+1,13%"
"MERC4","Mercantil do Brasil Financeira","400","7,71","+0,00%"
"MRSA5B","MRS Logística","300","26,90","+3,22%"
"SOND6","Sondotécnica","200","60,00","+0,00%"
"MOAR3","Monteiro Aranha","100","394,99","+1,59%"
"MNPR3","Minupar","100","18,38","+0,00%"
"LUXM4","Trevisa","100","15,69","-0,06%"
"BDLL3","Bardella","100","13,01","+0,00%"
"CTNM3","Coteminas","400","8,65","-1,37%"
"EQMA3B","Equatorial Maranhão","300","30,00","+1,69%"
"CSRN6","COSERN","100","23,50","+2,35%"
"ESTR4","Estrela","2.700","2,07","-0,96%"
"WLMM3","WLM","100","23,50","+3,02%"
"PLAS3","Plascar","600","6,56","+0,00%"
"USIM6","Usiminas","500","14,48","-0,14%"
"JOPA3","Josapar","100","21,00","-0,05%"
"CTKA3","Karsten","100","19,00","+0,00%"
"BNBR3","Banco do Nordeste","100","104,00","+4,00%"
"FIEI3","Fica","3.800","9,95","-0,50%"
"ENMT4","Energisa MT","300","79,99","-0,01%"
"ELET5","Eletrobras","100","99,00","+0,00%"
"BMEB3","Banco Mercantil do Brasil","100","23,25","+0,00%"
"DMFN3","DM Financeira","100","12,50","+0,00%"
"BALM3","Baumer","100","12,00","+0,00%"
"FRTA3","Pomi Frutas","2.000","1,31","-0,76%"
"TEKA3","Teka","500","50,00","+0,00%"
"CALI3","Adolpho Lindenberg","100","28,38","-2,14%"
"AHEB6","São Paulo Turismo","100","20,00","+17,51%"
"CSRN5","COSERN","100","26,00","+6,56%"
"CEED4","CEEE D","100","25,00","+0,00%"
"MWET3","Wetzel","100","11,11","-16,47%"
"BALM4","Baumer","200","10,49","+0,00%"
"EKTR3","Elektro","100","45,35","-9,30%"
"FRIO3","Metalfrio","200","301,00","-0,33%"
"BRIV4","Alfa Investimento","700","12,54","+0,08%"
"CRIV4","Alfa Financeira","90.000","6,74","+0,15%"
"CRPG3","Tronox Pigmentos","500","33,80","-4,79%"
"BRGE3","Consórcio Alfa","100","13,50","+0,00%"
"BRIV3","Alfa Investimento","3.000","12,86","+0,23%"
"BRGE6","Consórcio Alfa","400","12,92","+0,16%"
"PATI3","Panatlântica","100","29,90","+7,94%"
"EQPA6","Equatorial Energia Pará","600","9,00","+0,00%"
"CRIV3","Alfa Financeira","300","6,98","+0,14%"
"BRKM6","Braskem","100","15,18","-5,07%"
"BRGE12","Consórcio Alfa","100","13,47","-0,88%"
"BRGE11","Consórcio Alfa","300","13,18","+0,08%"
"GPAR3","CELGPAR","100","47,50","+11,06%"
"PATI4","Panatlântica","300","33,00","+3,12%"
"TEKA4","Teka","700","40,95","+2,38%"
"MSPA4","Melhoramentos","2.100","37,00","-2,63%"
"BRGE5","Consórcio Alfa","100","13,18","+0,08%"
"BRGE8","Consórcio Alfa","400","13,17","+12,95%"
"MSPA3","Melhoramentos","100","43,00","+0,00%"
"CEEB5","COELBA","100","36,86","+0,03%"
"BRGE7","Consórcio Alfa","500","13,07","-3,54%"
"JOPA4","Josapar","200","35,00","+3,55%"
"BMIN3","Banco Mercantil de Investimentos","100","20,01","+0,00%"
"COCE3","Coelce","100","50,99","+8,49%"
"CEGR3","Naturgy (CEG)","300","68,00","-20,00%"
"ESTR3","Estrela","200","7,60","-5,00%"
"AHEB5","São Paulo Turismo","100","16,61","+0,00%"
"CSAB3","Cia. de Seg. Aliança da Bahia","100","30,50","-1,61%"
"CSAB4","Cia. de Seg. Aliança da Bahia","1.600","48,97","+19,47%"
"MEGA3","OMEGA ENERGIA S.A.","2.220.100","9,62","+1,48%"
"SQIA3","Sinqia","1.444.800","27,37","-0,29%"
"ALSO3","Aliansce Sonae","5.883.300","23,33","+2,06%"
"BRPR3","BR Properties","10.600","131,17","+2,48%"
"MTSA3","METISA","100","79,00","+2,60%"
"SLED4","Saraiva","64.300","1,60","-1,84%"
"SLED3","Saraiva","3.000","3,21","-0,31%"
"VIIA3","VIIA3","213.149.200","0,75","+2,74%"
"ENBR3","EDP Brasil","1.697.900","24,08","+0,12%"
"BOAS3","Boa Vista","23.239.000","7,95","-0,38%"
"MODL3","Banco Modal","16.688.000","3,08","+0,33%"
"MERC3","Mercantil do Brasil Financeira","51.500","15,28","+1,13%"
"CRDE3","CRDE3","400","16,00","+0,00%"
"IGBR3","IGB Eletrônica","700","175,99","+1,14%"
"ODER4","Conservas Oderich","100","100,00","+12,35%"
"PARD3","Hermes Pardini","1.861.800","18,10","+1,29%"
"CASN3","CASAN","100","10,43","-18,39%"
"WIZS3","WIZS3","779.400","7,16","+1,99%"
"LLIS3","LLIS3","249.800","1,73","+2,98%"
"BRML3","BRMalls","16.132.900","8,26","+2,35%"
"DMMO3","Dommo Energia","3.254.800","1,76","-1,12%"
"GETT3","Getnet","46.500","2,40","+1,27%"
"GETT4","Getnet","18.500","2,40","+1,27%"
"SULA4","SulAmérica","18.600","7,63","+5,53%"
"SULA3","SulAmérica","4.000","7,43","+1,50%"
"CEPE5","CELPE","100","40,12","+0,02%"
"TCNO4","Tecnosolo","36.800","0,85","-9,57%"
"TCNO3","Tecnosolo","3.400","1,20","-1,64%"
"CEPE6","CELPE","100","43,00","+6,17%"
"BKBR3","BKBR3","782.300","7,63","+0,26%"
"MTIG4","Metalgráfica Iguaçu","100","23,00","+0,00%"
"BLUT4","Blue Tech Solutions","171.100","1,52","-5,59%"
"BLUT3","Blue Tech Solutions","13.400","5,14","+0,59%"
"MODL4","Banco Modal","700","2,72","-2,16%"
"CARD3","CARD3","118.000","14,51","+1,82%"
"SHUL3","Schulz","100","27,94","-50,12%"
"FIGE3","Investimentos Bemge","100","12,03","+99,83%"
"FNCN3","FNCN3","4.800","14,25","-0,35%"
"HETA3","Hercules","200","96,00","+0,00%"
"LCAM3","Locamerica","26.118.900","24,15","+1,86%"
"BIDI4","Banco Inter","52.479.800","3,41","-2,01%"
"BIDI3","Banco Inter","15.262.400","3,40","-2,58%"
"EEEL4","CEEE GT","100","410,00","-2,88%"
"EEEL3","CEEE GT","400","421,01","+5,25%"
"BBRK3","BBRK3","1.279.600","0,80","+1,27%"
"SOND3","Sondotécnica","200","46,01","+14,45%"
"CESP6","CESP","9.306.600","25,25","+1,41%"
"CESP3","CESP","11.500","25,55","+1,71%"
"CESP5","CESP","300","25,00","+2,75%"
"ECPR4","Encorpar","100","90,74","+0,42%"
"MOSI3","Mosaico","1.021.200","8,24","+3,00%"
"POWE3","Focus Energia","678.000","10,90","-2,24%"
"ECPR3","Encorpar","300","90,25","+12,97%"
"GNDI3","NotreDame Intermédica","33.458.600","65,34","+0,00%"
"LAME4","Lojas Americanas","43.631.000","6,55","+2,02%"
"LAME3","Lojas Americanas","10.941.100","6,62","+2,95%"
"OMGE3","Omega Geração","834.900","27,57","-0,86%"
"IGTA3","IGTA3","1.643.400","33,13","+0,18%"
"JPSA3","JPSA3","100.100","29,02","+1,75%"
"BRDT3","BRDT3","24.483.500","22,03","-5,17%"
"JBDU4","JBDU4","2.556.100","1,36","+3,82%"
"JBDU3","JBDU3","1.890.100","3,12","+9,09%"
"HGTX3","Hering","7.519.800","37,50","-2,65%"
"CCPR3","CCPR3","328.200","10,16","-4,51%"
"DTEX3","DTEX3","2.867.800","20,63","-3,10%"
"VVAR3","VVAR3","64.987.000","11,30","-6,38%"
"PNVL4","Dimed","2.000","18,62","-2,67%"
"TESA3","Terra Santa","41.100","48,00","-2,74%"
"BTOW3","BTOW3","11.169.600","68,00","+4,15%"
"LINX3","Linx","8.510.000","37,40","-0,27%"
"BTTL3","BTTL3","6.100","19,72","-2,33%"
"GPCP3","GPCP3","698.100","49,00","-3,92%"
"GPCP4","GPCP4","5.300","45,51","-1,30%"
"SMLS3","Smiles","1.944.100","22,40","-1,71%"
"MMXM3","MMX Mineração","1.240.300","14,00","-30,35%"
"BSEV3","Biosev","528.800","9,00","+8,43%"
"CNTO3","CNTO3","2.083.600","28,08","+4,78%"
"TIET4","AES Tietê Energia","323.700","3,51","+1,15%"
"TIET3","AES Tietê Energia","169.100","3,49","+0,87%"
"CORR4","Corrêa Ribeiro","100","82,00","+18,84%"
"CEPE3","CELPE","1.300","128,00","+85,32%"
"CALI4","Adolpho Lindenberg","100","50,00","+4,17%"
"SNSY6","Sansuy","100","11,51","+4,64%"
"CASN4","CASAN","100","10,00","-16,67%"
"BPAR3","Banpará","100","182,07","+20,58%"
"APTI4","Aliperti","200","3.500,00","-61,96%"
"VSPT3","FCA","1.000.000","4.999.999,50","+114,29%"
"MTIG3","Metalgráfica Iguaçu","400","156,30","+29,60%"
"FIGE4","Investimentos Bemge","100","38,01","-4,97%"
"LUXM3","Trevisa","200","2,50","+8,23%"
"TKNO3","Tekno","100","85,79","+10,64%"
"COCE6","Coelce","100","35,00","+16,63%"
"MGEL3","Mangels","100","75,00","+8,70%"
"CTSA8","Santanense","2.000","1,00","+0,00%"
"MMAQ4","Minasmáquinas","14","200,06","-28,55%"
